ISBN|TITLE|AUTHOR|LIBRARY_CODE|FIELD_OF_BOOK|NUMBER_OF_COPIES|PUBLICATION_YEAR|DIGITAL_VERSION|BORROWING_DAYS_LIMIT|RENEWAL_LIMIT|NUMBER_OF_AVAILABLE_BOOKS
978996101320|Calcul DIfferentiel et Integral Tome 01|Piskounov,N|515.33/PIS/1|Mathematics|6|1996|0|15|15|5
9782744070372|Compilateurs : principes, techniques et outils : avec plus de 200 exercices|Aho, Alfred|004.4 AHO/1|General Knowledge|2|2019|0|15|15|1
2729823212|Bit après bit : numération, arithmétique binaire, logique combinatoire|Mercier, Jean-Jacques|513.52 MER/1|Mathematics|1|2013|0|15|15|0
274640432X|Le Nouveau guide du PC : comprendre, acheter, entretenir, améliorer|Steiner, Jack|004 STE/1|General Knowledge|1|2002|0|15|15|0
2704200106|Introduction à l'informatique : cours et problèmes|Scheid, Francis|004 SCH|General Knowledge|1|2019|0|15|15|0
9789961017210|Compilation : cours et exercices corrigés|Ait-Aoudia, Samy|005.453 AIT/1|General Knowledge|2|2022|0|15|15|1
9782744072871|UML 2 : pratique de la modélisation|Charroux, B|005.117 CHA/1|General Knowledge|1|2015|0|15|15|0
9782711748662|Introduction au traitement d'images : théories, algorithmes, applications|Lingrand, Diane|621.367 LIN/1|Engineering|2|1992|0|15|15|1
9782746220478|UNIX, Linux, BSD : utilisateurs et développeurs|Pélissier, Christian|005.432 PEL/1|General Knowledge|1|2014|0|15|15|0
9791090085077|Apprenez à programmer en Java : a programmation professionnelle à la portée de tous !|Herby, Cyrille|005.133 DEL /1|General Knowledge|2|2009|0|15|15|1
2729826203|Compilation des langages de programmation : ce que fait un compilateur, comment le réaliser|Gautier, Martine|005.453 GAU/1|General Knowledge|2|1995|0|15|15|1
2100066692|Unix administration : systèmes et réseaux|Moreno, Jean-Michel|005.432 MOR/1|General Knowledge|1|2003|0|15|15|0
9782100710409|Arduino : maîtrisez sa programmation et ses cartes d'interface (shields)|Tavernier, Christian|621.395 ARD/1|Engineering|4|2025|0|15|15|3
9782729831059|Excel pour l'ingénieur : bases, graphiques, calculs, macros, VBA|Bellan, Philippe|005.54 BEL/1|General Knowledge|1|2021|0|15|15|0
978221212624|Linux administration. T. 1 : Les bases de l'administration système|Bouchaudy, Jean-François|005.432 BOU/1|General Knowledge|1|2025|0|15|15|0
9782867394805|Informatique et numérique à l'usage des seniors|Germain, Michele|004.678 GER/1|General Knowledge|1|2024|0|15|15|0
9782746048157|Oracle 11g : entraînez-vous sur SQL et PL/SQL|Gabillaud, Jérôme|004 GAB|General Knowledge|1|2013|0|15|15|0
2746214830|Contrôle des applications temps-réel : modèles temporisés et hybrides|Cassez, Franck|004 CAS/1|General Knowledge|1|2010|0|15|15|0
9782746229815|Informatique et intelligence ambiante : des capteurs aux applications|Calvary, Gaëlle|006.3 CALL/1|General Knowledge|1|2004|0|15|15|0
9782212128895|Accessibilité Web : normes et bonnes pratiques pour des sites plus accessibles|Altinier, Armony|004.678 ALT/1|General Knowledge|1|2005|0|15|15|0
9782746212879|Informatique diffuse : des concepts à la réalité|Banâtre, Michel|004.36 BAN/1|General Knowledge|1|2024|0|15|15|0
2729826785|Le Projet informatique de A à Z : approche pragmatique de la gestion de projet|Frémaux, Valéry Guilhem|005.12 FRE/1|General Knowledge|1|2015|0|15|15|0
9782100563470|Les Cartes à puce : théorie et mise en oeuvre|Tavernier, Christian|621.381 53 TAV|Engineering|1|2017|0|15|15|0
9782729829964|Concevoir son microprocesseur : structure des systèmes logiques|Buisson, Jean-Christophe|621.395 BUI/1|Engineering|3|1999|0|15|15|2
9782311004762|Architecture des ordinateurs : mémoires à semi-conducteurs, principe de fonctionnement et organisation interne des mémoires vives|Darche, Philippe|004.22 DAR/1|General Knowledge|1|2017|0|15|15|0
9789961006030|Introduction a l'architecture des ordinateurs|Drias-Zerkaoui, Habiba||Unknown|15|2024|0|15|15|14
9782746085398|Les VPN : fonctionnement, mise en oeuvre et maintenance des réseaux privés virtuels|Archier, Jean-Paul|004.67 ARC/1|General Knowledge|1|1997|0|15|15|0
9789957525880|Digital signal processing (with matlab) : ?????? ??????? ??????? ???????? ????????|Abu Jzar; Amjad abbas|004 ABU|General Knowledge|1|2007|0|15|15|0
9789973375803|Méthodologies de la recherche scientifique|Zidi, Anés|001.8 ZID/1|General Knowledge|1|2016|0|15|15|0
9781118691328|How to do a research project : a guide for undergraduate students|Robson, Colin|001.8 ROB/1|General Knowledge|2|1992|0|15|15|1
9789961012222|Guide de méthodologie de la recherche post- graduée : mémoires de licence et de magistére, thése de doctorat application au domaine des sciences commerciales|Zellal, Nacira|001.81 ZEL|General Knowledge|1|1998|0|15|15|0
2746032821|Solaris 10 : administration d'un système Unix|Dutreix, Michel|005.432 DUT/1|General Knowledge|2|2013|0|15|15|1
9782212121353|Apprendre le C++|Delannoy, Claude|005.133 DEL/1|General Knowledge|1|2023|0|15|15|0
2711748383|Introduction aux bases de données|Date, Chris|005.74 DAT|General Knowledge|1|2007|0|15|15|0
9782893773520|Microsoft Access 2007|Friedrichsen, Lisa|004.4 FRI|General Knowledge|1|2018|0|15|15|0
2100074482|Sécurité informatique et réseaux : cours et exercices corrigés|Ghernaouti-Hélie, Solange|005.8 GHE/1|General Knowledge|1|2007|0|15|15|0
9782212120219|Sécurité informatique : principes et méthode|Bloch, Laurent|005.8 BLO|General Knowledge|1|1992|0|15|15|0
2729899146|Approche du temps reel industriel|De Geeter, Jean-Marie|004 DEG|General Knowledge|2|2018|0|15|15|1
2711786498|Client-serveur : guide de survie|Orfali, Robert|004.38 ORF|General Knowledge|1|2013|0|15|15|0
9782100526734|Microsoft SQL Server 2008 : étape par étape|Hotek, Mike|005.758 5 HOT|General Knowledge|1|2010|0|15|15|0
2746211432|Les Documents écrits : de la numérisation à l'indexation par le contenu|Mullot, Rémy|020 MUL|Library & Information Science|1|2016|0|15|15|0
2711786218|Cours et exercices informatique : classes préparatoires , 1er et 2nd cycles universitaires|Albert, Luc|004 ALB/1|General Knowledge|1|2013|0|15|15|0
9782247066421|Pratique du droit de l'informatique et de l'internet : logiciels, systèmes, internet|Hollande, Alain|343.440 999 HOL/1|Social Sciences|1|2003|0|15|15|0
9782100521562|Sécurité informatique et réseaux : licence 3 année master ecoles d'ingénieurs|Ghernaouti-Hélie, Solange|005.8 GHE/1|General Knowledge|1|2014|0|15|15|0
2212119739|Tableaux de Bord de la sécurité réseaux|Liorens, Cédric|005.8 LIO|General Knowledge|1|2009|0|15|15|0
2729823182|Architecture des systeme sur puce : processeurs synthetisables cao vlsi norme vci environnement ise et quartus|Attaoui, Ammar|621.395 ATT/1|Engineering|1|2011|0|15|15|0
9789961012581|Histoires des sciences : introduction et decouverte|Khelladi, Abdelkader|001/KHE|General Knowledge|1|2000|0|15|15|0
2840741148|Approche fonctionnelle de la programmation|Cousineau, Guy|005.133 COU/1|General Knowledge|3|2006|0|15|15|2
2100065114|Programmer en C++|Hubbard, John R.|005.133 PRO/1|General Knowledge|1|2022|0|15|15|0
078970952x|Excel 97 : comment faire quand on n'y connait rien et qu'on veut y arriver tout seul|Gold, Laura maery|005.133/GOL|General Knowledge|2|2018|0|15|15|1
2100079115|Génie logiciel|Gustafson, David|005.12 GUS/1|General Knowledge|2|2008|0|15|15|1
210006648X|La Programmation sous Unix|Rifflet, Jean-Marie|005.432 RIF/1|General Knowledge|3|2005|0|15|15|2
2212091036|Le Guide de l'utilisateur (UML)|Booch, Grady|004 BOD/2|General Knowledge|1|2022|0|15|15|0
2744016349|PHP 5 : totalement mis à jour avec la version 5|Atkinson, Leon|005.133 ATK/1|General Knowledge|1|2007|0|15|15|0
978274402250|Le Langage C|Aitken, Peter G.|005 AIT/1|General Knowledge|1|2022|0|15|15|0
2746402173|Linux : le guide du développeur|Goerzen, John|005.432 GOE/1|General Knowledge|1|2025|0|15|15|0
2744013781|Microsoft Windows 2000 Server|Boswell, William|005.432 BOS/1|General Knowledge|1|1998|0|15|15|0
2841809846|Méthodes orientées objet|Graham, Ian|005.12 GRA/1|General Knowledge|1|1998|0|15|15|0
2746202255|Traitement automatique des langues : traitement automatique des langues pour la recherche d'information|Jacquemin, Christian|410.285 JAC|Language|1|2022|0|15|15|0
2100065106|C++|Hubbard, John Rast|005.133/HUB|General Knowledge|2|2021|0|15|15|1
9782212140255|Expérience utilisateur mobile : UX design pour smartphones et tablettes|Boucher, Amélie|621.391 67 AME/1|Engineering|2|2023|0|15|15|1
9782729887889|Exercices de programmation fonctionnelle en OCaml : une approche pédagogique par l'algorythmique, la preuve et la complexité|Carrier, Fabienne|004.4CAR/1|General Knowledge|1|2011|0|15|15|0
521456509|C by example|Kalicharan, Noel|005.133 KAL/1|General Knowledge|1|2017|0|15|15|0
9782744025570|L'Art du développement Android|Allen, Grant|005.432 ALL/1|General Knowledge|1|2019|0|15|15|0
2100066285|Développer des bases de données web avec la plateforme .Net : étape par étape|Buyens, Jim|681.3.068/BUY|Manufacture for Specific Uses|1|2025|0|15|15|0
9782746073852|Architecture logicielle : pour une approche organisationnelle, fonctionnelle et technique|Bailet, Thomas|004.21 BAI/1|General Knowledge|1|1999|0|15|15|0
9782300026348|Dreamweaver CS5|Schulz, Claus|005.36 SCH/1|General Knowledge|1|2021|0|15|15|0
9782746084179|Acrobat XI, version pro : pour PC-Mac, inclut Adobe Reader|Saint-Denis, Nathalie de|005.36 SAI/1|General Knowledge|1|1999|0|15|15|0
2746404168|ASP.Net et les bases de données|Butler, Jason|006.76 BUT/1|General Knowledge|1|2009|0|15|15|0
9782100574223|Programmation en Python pour les mathématiques|Casamayou-Boucau, Alexandre|510.285 CAS/1|Mathematics|1|2017|0|15|15|0
2742929738|Construisez votre PC|Olekhnovitch, Jean-David|004.16 OLE/1|General Knowledge|1|2013|0|15|15|0
2744005649|Maximiser les performances du PC|Pabst, Thomas|005.133 PAB/1|General Knowledge|1|2007|0|15|15|0
2744002658|Le PC : comment faire quand on n'y connait rien et qu'on veut y arriver tout seul|Kraynak, Joe|005.133 KRA/1|General Knowledge|1|2017|0|15|15|0
272981910X|Programmation par l'exemple en Caml : exemples et problèmes corrigés|Gacôgne, Louis|004.43 GAC/1|General Knowledge|4|1994|0|15|15|3
2840741261|Unix 99 exercices corrigés|Rifflet, Jean-Marie|005.282 RIF/1|General Knowledge|2|2005|0|15|15|1
2729820108|Du binaire au processeur : méthodes de conception de circuits magnétiques et exercices|Mesnard, Emmanuel|621.381 5 MES/1|Engineering|3|2020|0|15|15|2
2100069349|XML|Tittel, Ed|006.74/TIT|General Knowledge|2|2013|0|15|15|1
2729891595|L'Intelligence artificielle : à travers Turbo Prolog|Hudault, Bénédicte|006.3 HUD/2|General Knowledge|2|2011|0|15|15|1
138756341|Superscalar microprocessor design|Johnson, Mike|681.31JOH/1|Manufacture for Specific Uses|1|1991|0|15|15|0
9782212134346|Apprendre à programmer avec Python 3 : avec 60 pages d'exercices corrigés !|Swinnen, Gérard|005.133 GER/1|General Knowledge|1|1991|0|15|15|0
221209566X|Exercices d'automatique. Tome 3, Commande par calculateur, identification : BTS, IUT, Ecoles d'ingénieurs|Rivoire, Maurice.|629.807 6 RIV/1|Engineering|1|2012|0|15|15|0
2893772544|Comment programmer en Java|Deitel, Harvey M.|005.133 DEI/1|General Knowledge|1|2014|0|15|15|0
2893771866|Comment programmer en C++|Deitel, Harvey M.|005.133 HAR/1|General Knowledge|3|2001|0|15|15|2
9782100547760|Technologie des ordinateurs et des réseaux : cours et exercices corrigés DUT, BTS|Goupille, Pierre-Alain|004.22 GOU/1|General Knowledge|1|2019|0|15|15|0
2729804765|Commande automatique de systemes lineaires continus : cours avec applications utilisant matlab|Minzu, Viorel|629.832 MIN/1|Engineering|2|2003|0|15|15|1
2744006297|Bibliothèques de classes Java 2|Sankar, Krishna|005.133 SAN|General Knowledge|1|1991|0|15|15|0
2804135616|SQL2, SQL3 : applications à Oracle|Delmal, Pierre|005.133 SQL/1|General Knowledge|1|2019|0|15|15|0
2746401134|Linux : la boite à outils du développeur Web|Jones, Christopher A.|005.133 JON/1|General Knowledge|1|1999|0|15|15|0
2100027891|Microprocesseurs : du CISC au RISC|Lilen, Henri|621.39 LIL/1|Engineering|1|2009|0|15|15|0
9782804127749|Mathématique pour économistes et gestionnaires|Esch, Louis|510 LOU/1|Mathematics|2|2012|0|15|15|1
9961012574|Introduction a l'analyse mathématique. T. 3, Intégration, calculs des primitives, équations différentielles|Khelladi, Abdelkader|515 KHE/1|Mathematics|4|2000|0|15|15|3
9782743010003|Programmation mathématique : théorie et algorithmes|Minoux, Michel|519.85 MIN|Mathematics|1|2019|0|15|15|0
9782100599103|Analyse numérique : algorithme et étude mathématique|Francis Filbet|519.6 FRA/1|Mathematics|1|2015|0|15|15|0
2730212558|Analyse numérique et optimisation : une introduction à la modélisation mathématique et à la simulation numérique|Allaire, Grégoire|518 ALL/1|Mathematics|1|1995|0|15|15|0
2225844844|Stabilité d'un plasma : modélisation mathématique et simulation numérique|Saramito, Bernard|537.5 SAR|Physics|1|2005|0|15|15|0
2100067893|Problèmes corrigés de mathématique. 2, Epreuves de DEUG MIAS|Azoulay, Ellie|510.76 AZO/1|Mathematics|1|2006|0|15|15|0
2100069675|Mathématique : rappels de cours et exercices resolus. 1, Analyse|Azolay, E.|517.1AZO/1|Mathematics|2|2001|0|15|15|1
9782840740650|Fondements mathématiques de l'informatique|Stern, Jacques|510/STE/1|Mathematics|3|1995|0|15|15|2
2840741083|Principes d'analyse mathématique : avec problèmes résolus|Rudin, Walter|515 RUD/1|Mathematics|2|2012|0|15|15|1
9789961012567|Introduction a l'analyse mathématique. T. 2, fonctions numériques, limites continuité, dérivabilité|Khelladi, Abdelkader|517.2/B/KHE|Mathematics|1|2007|0|15|15|0
9789961909683|Microéconomie : traitement mathematique + exercices avec corriges detailles|Bendib, Rachid|330.101.542BEN/1|Social Sciences|2|1990|0|15|15|1
9782711740291|Tout le programme de mathématique en BCPTI 1 : avec 1000 exercices et problèmes|Cadet, Frédéric|510(076.5)/CAD|Mathematics|2|1990|0|15|15|1
280414402X|Mathématique et gestion financière : applications avec exercices corrigés|Jokung-Nguéna, Octave|658.15 NGU/1|Management & Business|2|2010|0|15|15|1
9782100520831|Chaines de Markov : cours, exercices et corrigés détaillés|Graham, Carl|519.2 GRA/1|Mathematics|2|2004|0|15|15|1
9782100574247|Calcul des probabilités : cours, exercices et problèmes corrigés|Foata, Dominique|519.2/FOA|Mathematics|2|2001|0|15|15|1
2759803866|Méthodes numériques pour l'ingénieur : utilisation de l'outil Matlab : cours, exercices et problèmes de synthèse corrigés|Radi, Bouchaïd|519.6 RAD/1|Mathematics|4|2020|0|15|15|3
2759800063|Probabilité : exercices corrigés|Carrieu, Hervé|519.2/CAR|Mathematics|1|1990|0|15|15|0
2704212759|Calcul différentiel et intégral : cours et problèmes, 1103 problèmes résolus|Ayres, Franck|519.2 AYR/1|Mathematics|2|2016|0|15|15|1
nan|Notions sur le calcul des probabilités,C corrigés|Chibat, Ahmed|519.2/CHI|Mathematics|2|1991|0|15|15|1
2729895671|Analyse 3 : cours et exercices corrigés|Servien, Claude|515 SER|Mathematics|5|2012|0|15|15|4
2729898514|Analyse. 1, Suites numériques, fonctions d'une variable réelle, développements limités : cours et exercices corrigés|Sermant, Marie- claude|510.76 SAR|Mathematics|2|2005|0|15|15|1
2100075675|Analyse PC-PSI-PT : 2e année : cours et 800 exercices corrigés|Monier, Jean-Marie|515.076 MON|Mathematics|1|2022|0|15|15|0
2880744598|Recherche opérationnelle pour ingénieurs. 2|Werra, Dominique de|519 WER/1|Mathematics|1|2025|0|15|15|0
73040185|Calculus : for business, economics, and the social and life sciences|Hoffmann, Laurence D.|513 HOF/1|Mathematics|1|1990|0|15|15|0
9782100582402|Mathématiques de l'ingénieur : aide -mémoire|Chossat, Maurice|510.3 CHO/1|Mathematics|1|2003|0|15|15|0
9789947850046|Mathématiques financieres : outil de gestion|Makhlouf, F.|510 MAK|Mathematics|1|2012|0|15|15|0
2840740095|Mathématiques pour le physicien. Tome 2|Baurmy, André|515.301/B/BAU|Mathematics|1|2018|0|15|15|0
2840740982|Aide-mémoire de mathématiques|Auliac, Guy|510 AUL/1|Mathematics|1|2020|0|15|15|0
2746209969|Théorie élémentaire du signal : rappel de cours et exercices corrigés|Jolivet, Luc|621.382 20285 /JOL|Engineering|1|1993|0|15|15|0
272982653X|Mathematica théorie et pratique : applications en arithmétique|Xémard, Jean-Pierre|510.285 53 XEM|Mathematics|1|1992|0|15|15|0
9973371011|Thermodynamique générale et applications : a l'usage des étudiants de maitrise de physique et des elèves ingenieurs|El Golli , Salem|536.7/ELG|Physics|3|2000|0|15|15|2
2729807004|Transmissions mécaniques de puissance : application aux boîtes de vitesses automatiques|Arquès, Philippe|621.85 ARQ/1|Engineering|1|2022|0|15|15|0
2729829458|Physique chimie : MP/MP* : exercices avec indications et corrigés détaillés pour assimiler tout le programme||530 HEI|Physics|1|2009|0|15|15|0
2100054422|Physique statistique : introduction, cours et exercices corrigés|Ngô, Christian|530.159 5 NGO|Physics|1|2003|0|15|15|0
2100071718|Physique tout en un 1re année : Tout - EN- UN .1ere année : cours et exercices corrigés : MPSI - PCSI - PTSI|Sanz, Marie-Noelle|530 SAN)/SAN/2|Physics|3|2018|0|15|15|2
978272982941|Les mille et une questions de la physique en prépa : 2ème année MP/MP*-PT/PT*|Garing, Christian|530.076 MIL/1|Physics|2|1995|0|15|15|1
2100071599|Eléctricité générale : analyse et synthèse des circuits|Neffati, Tahar|530 NEF/NEF|Physics|1|2000|0|15|15|0
9782100711468|Physique : exercices incontournables|Beury, Jean-Noel|530 JEA|Physics|2|2010|0|15|15|1
9782100720064|Physique - Exercices incontournables MPSI-PTSI|Bagard, Séverine|530 BAG|Physics|1|1998|0|15|15|0
2704212740|Physique générale et appliquée : cours et problèmes|Bueche, Frederick J.|530 FRE|Physics|1|2003|0|15|15|0
9973948149|Bagage de physique élémentaire|Herzog-torki, O.m|530 HER/2|Physics|1|1994|0|15|15|0
2729829431|Les Mille et une questions de la physique en prépa : 2ème année PSI/PSI*|Garing, Christian|530.076 GAR|Physics|1|2001|0|15|15|0
9782880746735|Electrochimie physique et analytique|Girault, Hubert H.|541.37 GIR|Chemistry|2|2021|0|15|15|1
9782761325479|Physique, Vol. 2.Electricité et magnétisme : solutions et corrigés des problèmes|Benson, Harris|537.076 SEG|Physics|3|2016|0|15|15|2
9782311002911|L'horizon ou Le refus de l'infini : des bornes du visible aux limites du possible|Perdijon, Jean|114.GEA/1|Philosophy & Psychology|1|2011|0|15|15|0
9782804155735|Physique : une introduction : avec travaux dirigés résolus et illustrations informatiques|Pérez, José-Philippe|530.JOS|Physics|1|2006|0|15|15|0
9782100725106|50 [Cinquante]Clés pour comprendre la physique|Baker, Joanne|530.JOA|Physics|2|1992|0|15|15|1
9782100746767|Réussir les TP de physique aux concours|Sallen, Laurent|530.SAL/1|Physics|3|2001|0|15|15|2
2952603707|Toute la resistance des materiaux : formulaire pratique, méthodes de calcul, exemples : aide-mémoire|Xiong, Youde|620.17/XIO/1|Engineering|18|2023|0|15|15|17
9781498714952|Analog Electronics Applications: Fundamentals of Design and Analysis|Canque Hernando Lautaro Fernandez|537.5/CAN/1|Physics|1|2017|0|15|15|0
2225384908|Abrégé de statistique : à l'usage des étudiants en médecine et en biologie|Geller, S.|510. Gel/1|Mathematics|2|2004|0|15|15|1
2804149072|ANALYSE : COURS ET EXERCICES CORRIG|COTTET-EMARD,FRANCOIS|515 COT/1|Mathematics|2|2021|0|15|15|1
2804150305|Analyse concepts et contextes volume1|Stewart|515.83.STE/1|Mathematics|2|2018|0|15|15|1
978996002544|Statistique descriptive : avec initiation aux méthodes d'analyse de l'information économique|HAMDANI HOCINE|519.53 HAM/1|Mathematics|44|2008|0|15|15|43
9789961009215|Structure Des Ordinateurs : Autour Du processeur|Khelifati, Si Larbi|004.22 KHE/19|General Knowledge|19|1992|0|15|15|18
9789961007242|Eléments de la théorie des probabilités T.2|BOUSSEBOUA MOUSSEDEK|519.2 BOU/15|Mathematics|24|2014|0|15|15|23
9789961010297|A work Book For Basic Writing Composition|ZOUBIR ABDELHAMID|420 ZOU/1|Language|2|2018|0|15|15|1
978285229782|Les désordres de la finance|Dominique Plihon|330/PLI/1|Social Sciences|1|2020|0|15|15|0
9789961009413|ELECTRONIQUE GENERALE ( LES COMPOSANTS PASSIF - LES COMPOSANT ACTIF ) : L'AMOLIFICATEUR OPERATIONNEL|Haroubia Brahim|530/HAR/1|Physics|2|2011|0|15|15|1
978996101214|Initiation l'algorithmique||004.1114/IGH/1|General Knowledge|6|2016|0|15|15|5
978996101258|HISTOIRE DES SCIENCES - INTRODUCTION ET DECOUVERTE|Abdelkader Khelladi|509 KHE/1|Science (General)|4|1992|0|15|15|3
978996101261|La methodologie de travail|LAHOUEL Mesbah|613/LAH/1|Medical Sciences, Medicine|2|2023|0|15|15|1
9789961012680|Mathématiques 1 : Fonction d'une variable réelle: résumé de cours, exercices corrigés|Mehbali Mohamed|515.8 MEH/1|Mathematics|14|2013|0|15|15|13
9789961013243|Communications mobiles|Boukelif, Aoued|621.381/BOU/1|Engineering|2|2013|0|15|15|1
97899610136|Practicum informatique : de théorie des files d'attente|Dudin, A.N.|004/DUD/1|General Knowledge|2|2007|0|15|15|1
9789961014134|La segmentation marketing : de l'étude de marché à la stratégie marketing|Bernoussi, Nedjma|330 BER/1|Social Sciences|2|1996|0|15|15|1
9789961014202|La comptabilité générale aux normes du nouveau Système Comptable Financier (S.C.F.)|Benaibouche, Mohand Cid|657/BEN/1|Management & Business|1|2005|0|15|15|0
9789961014646|Fonctions de la variable complexe T.1 : exercices et problèmes résolus avec rappels de cours|BOUSSEBOUA MOUSSEDEK|515.9 /BOU/1/T1|Mathematics|4|2020|0|15|15|3
9789961014653|Fonctions de la variable complexe T.2 : exercices et problèmes résolus avec rappels de cours|BOUSSEBOUA MOUSSEDEK|515.9.BOU/1/T2|Mathematics|24|2017|0|15|15|23
9789961014721|Electricité et magnétisme : Rappels de cours et exercices corrigés|FIZAZI Ahmed|537.AHM/1|Physics|2|1999|0|15|15|1
9789961014905|?????? ?????? ??????? ??? ??????? ????????|????, ????|336 ????|Social Sciences||1991|0|15|15|
9789961014929|Physique mécanique : rappels de cours et exercices résolus|Abdelkader Belfedal|531.ABD/1|Physics|2|2021|0|15|15|1
978996101528|?????? ???????? ?????? ???????? ????? 01 : ?????? ????? ? ??????? ??? ?????? ????????? ???????|??? ?????? ????|332.4/???/1|Social Sciences|1|2021|0|15|15|0
978996101529|?????? ???????? ?????? ???????? ????? 02 : ?????? ??? ?????? ??????? ????????? ??????? ?? ?????? ????? ???????? ????|??? ?????? ????|332.4/1/???|Social Sciences|1|2018|0|15|15|0
978996101552|Le Management théorie et pratique|El Hadi GHEDJGHOUDJ|658/ELH/1|Management & Business|2|2004|0|15|15|1
9789961015674|La Comptabilité des ressources humaines|Amokrane Abdellaziz|657.4 AMO|Management & Business|1|2021|0|15|15|0
9789961016268|???????? ??????? ? ?????? ????????|?????? ????|650 ???|Management & Business||2008|0|15|15|
9789961016428|Comment réussir ses études : guide et conseils|Hakiki, Nour Eddine|370 HAK/1|Social Sciences|2|2019|0|15|15|1
9789961016633|Les nanosciences et nanotechnologies : leurs applications dans les domaines industriels et economiques|Benyahia, Farid|540/BEN/1|Chemistry|1|2008|0|15|15|0
9789961017098|ASSURANCE -QUALITE DANS L'ENSEIGNEMENT SUPERIEUR CONDUIRE ET REUSSIR L'AUTOEVALUATION|BADDARI Kamel|378 BOU|Social Sciences||2025|0|15|15|
9789961017111|Initiation à matlab|Djebli, M|004/DJE/1|General Knowledge|2|2004|0|15|15|1
978996101744|Algèbre linéaire et multilinéaire algèbre quadratique|Zizi Khelifa|512.5/ZIZ/1|Mathematics|4|2018|0|15|15|3
978996101706|Calcul différentiel des fonctions de plusieurs variables|Zizi Khelifa||Unknown|8|2014|0|15|15|7
978996101742|Intégrales généralisées et séries|Zizi Khelifa|515/ZIZ/1|Mathematics|4|2020|0|15|15|3
978996101743243|Calcul intégral des fonctions de plusieurs variables : livre13|Zizi Khelifa|513/ZIZ/1|Mathematics|4|1999|0|15|15|3
9789961017432|Calcul intégral des fonctions de plusieurs variables livres 13|Zizi Khelifa|513 ZIZ/5|Mathematics|4|2005|0|15|15|3
978996101732|Systèmes d'exploitation : une approche pratique|Mohamed Benmaiza|005.432 BEN/15|General Knowledge|14|2018|0|15|15|13
9789961017487|LE MANAGEMENT CONSEIL UNE OPTION POUR LA REUSSITE DES ENTREPRISES|GHEDJGHOUDJ El Hadi|658 GHE/1|Management & Business|1|2001|0|15|15|0
978996101860|Groupes anneaux corps|Zizi Khelifa|512.2/ZIZ/1|Mathematics|4|2024|0|15|15|3
978996101861|Fonctions d'une variable réelle|Zizi Khelifa|515/ZIZ/1|Mathematics|4|1995|0|15|15|3
97899610178|??????? ??????????? ? ??????? ??????????|???? ????|658.834/???/1|Management & Business|1|2008|0|15|15|0
9789961018149|Séries : cours et exercices résolus|Salah. Derradji|515.24 SAL/34|Mathematics|33|2019|0|15|15|32
978996101821|??????? ????? ???????|?? ???? ??? ??????|332.1/BEN/1|Social Sciences|1|2011|0|15|15|0
978996101822|??????? ??????|???? ????|658.384/MEN/1|Management & Business|1|1997|0|15|15|0
978996101874|????? ? ?????? ????? ????????|?? ???? ??? ??????|332.1221/BEN/1|Social Sciences|1|1998|0|15|15|0
9789961018828|REDUCTION DES MATRICES|MOUSSEDEK BOUSEBOUA|510/MOU/1|Mathematics|4|2006|0|15|15|3
9789961019164|HISTOIRE DES SCIENCES|ZELLA Lakhdar|82.311 ZEL|Unknown||2014|0|15|15|
978996101938|????? ??????? ?? ??????????? : ?????? ????? ??????|???? ?????||Unknown||2011|0|15|15|
978996101939|L'Economie algérienne a l'heure de la mondialisation : pour les étudiants en sciences économiques|Baghdad Chaib|330.965/BAG/1|Social Sciences|1|2008|0|15|15|0
978996101974|DIDACTIQUE DES LANGUES ETRANGERES ET APPORT PEDAGOGIQUES|Lakhdar KHARCHI|400 KHA/1|Language|1|2023|0|15|15|0
978996101978|Economie général|Matouk Belattaf|330/MAT/1|Social Sciences|1|2011|0|15|15|0
9789961019818|RECHERCHE D'INFORMATION : COURS ET EXERCICES CORRIGES|BADDARI Kamel|004 BAD/1|General Knowledge|12|2023|0|15|15|11
9789961011948|LE MARKETING DES SERVICES LES CONNAISSANCES DE BASE|LARABI BAHIA ALLIOUCHE|330 LAR/10|Social Sciences||2015|0|15|15|
9789961020050|Algorithmique moderne analyse et complexité|zerkaoui Habiba Drias|005.1 ZER/10|General Knowledge|14|2013|0|15|15|13
9789961020098|????? ???????? ??? ???????? ??????? ? ????????? ??????? ?? ?????|||Unknown||2013|0|15|15|
9789961020401|LE DEVELOPPEMENT DURABLE ET LE MECANISME DE LA BONNE GOUVERNANCE|KADRI M,TE|330/KAD/1|Social Sciences|1|2001|0|15|15|0
9789961020661|DE MES CAHIERS D’ANALYSE…SUITES NUMERIQUES : COURS DETAILLE ET EXERCICES RESOLUS|Mohammed hazi|515.2 HAZ/100|Mathematics|124|2011|0|15|15|123
9789961020678|De mes cahiers d’analyse… fonctions réelles d’une variable réelle : limites, continuité et.. Cours détaillé et exercices résolus|Hazi Mohammed|515.8 HAZ/100|Mathematics|124|2014|0|15|15|123
9789961020685|Fonctions réelles d'une variable réelle : dérivabilité, dérivées, développements limités|Hazi Mohammed|515.8 HAZ/100|Mathematics|153|1994|0|15|15|152
9789961020692|De mes cahiers d’analyse.. Intégrale de Riemann, calcul de primitives, intégrales impropres, cours détaillé et exercices résolus|Hazi Mohammed|515 HAZ/100|Mathematics|124|1991|0|15|15|123
9789961020753|???????? ??????? ?????????? ??????? ????? ???????|????, ???????||Unknown||2007|0|15|15|
9789961020777|compilateurs de langages informatiques : echnique de conce|Habiba Zerkaoui|005.13 ZER/1|General Knowledge|2|2025|0|15|15|1
9789961020821|Réseaux informatiques : Recueil de sujets d'examens avec solutions|Medjahed Gamaz, Dj|004.65 MED/ 1|General Knowledge|62|1990|0|15|15|61
9789961021132|Introduction a l'optimisation méta_heuristique|Saadi Slami|006.3/SAA/1|General Knowledge|3|2019|0|15|15|2
9789961021323|Initiation a l'appretissage automatique|Taffar Mokhtar|006.3/TAF/1|General Knowledge|4|2022|0|15|15|3
9789961021835|Entrepreneuriat approche globale et pratique : Lancez votre startup et devenez entrepreneur|M-Said OUKIL|330/SAI/1|Social Sciences|12|2008|0|15|15|11
9789961002704|Eléctricité et ondes : cours exercices et travaux pratiques|Caubarrere, J. L.|537/CAU/1|Physics|2|2016|0|15|15|1
9789961005255|Introduction à la mécanique : cours, exercices et travaux pratiques|Caubarrere, J. L.|531/CAU/1|Physics|2|1997|0|15|15|1
9789961015100|Analyse 2 : rappels de cours et exercices avec solutions|Hamed C Baba|515 HAM/1|Mathematics|73|2009|0|15|15|72
9789961009185|Méthodes statistiques : rappels de cours et exercices corrigés|KHALED KHALDI|510/KHA/1|Mathematics|18|2009|0|15|15|17
9789961006108|Cours d'analyse numérique|Lakrib Mustapha|518/LAK/1|Mathematics|8|2013|0|15|15|7
9789961007501|Electronique numérique : logique combinatoire : exercices et problèmes résolus|Bessaid Abdelhafi|621.381BES/1|Engineering|2|2012|0|15|15|1
9789961007518|Electronique numérique T.2 logique séquentielle : exercices et problèmes résolus|Bessaid Abdelhafi|621/BES/1|Engineering|2|2005|0|15|15|1
9789961006306|Algorithmique et structures de données statiques : cours et exercices avec solutions|Hamed C Baba|518.1.BAB/1|Mathematics|4|1992|0|15|15|3
9789961006962|Techniques de compression d'images|Aoued,boukelif|004.BOU/1|General Knowledge|2|2016|0|15|15|1
97899611008997|Cours d’électronique|Ladjouze,Hammoud|537.5.LAD/1|Physics|4|2025|0|15|15|3
9789961013601|De l'Algèbre de Boole aux circuits numériques : Cours et applications|Karima Khadidja Mokhtari|621.395 KAR/10|Engineering|4|1991|0|15|15|3
9789961016879|Physique des semi-conducteurs et des composants optoélectroniques|Kais Ferdjani|537.622.KAI/1|Physics|2|2022|0|15|15|1
9789961018231|Calcul numérique partie|Azeddine Soudani|518 AZE/1|Mathematics|2|2002|0|15|15|1
9789961019832|Administration des réseaux par la pratique exercices pour débutants|Dahmani, Youcef|004.65 DAH/1|General Knowledge|2|2001|0|15|15|1
9789961020814|Polycopié de Travaux Pratiques : Module : Réseau Master 1 - LMD|Medjahed-Gamaz, Dj|004 MED/1|General Knowledge|4|2009|0|15|15|3
9789961021170|COURS D'ENTREPRENEURIAT|zella ahlem|658 ZEL/1|Management & Business|9|1990|0|15|15|8
9781630815493|Electric Circuits: A Prime|Olivier JC|537OLI/1|Physics|1|1997|0|15|15|0
9781466503281|GeoComputation, Second Edition|Abrahart Robert J|910.285/ABR/1|History & Geography|1|1996|0|15|15|0
9781482243833|Harmonics, power systems, and smart grids|De La Rosa rancisco C|621.31.DEL/1|Engineering|4|2003|0|15|15|3
9781482230840|Indoor wayfinding and navigation|A Karimi Hassan|621.384.KAR/1|Engineering|1|2002|0|15|15|0
9783319274119|Introduction to Biosensors: From Electric Circuits to Immunosensors|Yeol Yoon Jeong|610.28YEO/1|Medical Sciences, Medicine|1|2010|0|15|15|0
9781606504925|Lean Six Sigma and statistical tools for engineers and engineering managers|Zhan Wei|516.ZHA/1|Mathematics|2|2009|0|15|15|1
9781439854518|Mathematical Modeling: Models, Analysis and Applications|Banerjee Sandip|511.8.BAN/1|Mathematics|3|1991|0|15|15|2
978148225096|Networked Filtering and Fusion in Wireless Sensor Networks|Mahmoud, Magdi S|004.6MAH/1|General Knowledge|2|2002|0|15|15|1
9781466578036|Security for Multihop Wireless Networks|Khan Shafiullah|621.382.KHA/1|Engineering|2|2009|0|15|15|1
9781482259551|Security in the Private Cloud|Vacca, John|004.67.VAC/1|General Knowledge|2|1999|0|15|15|1
9781848213852|Signal and Image Processing for Biometrics|Nait-Ali Amine|621.382.NAI/1|Engineering|1|2011|0|15|15|0
9780817644642|Statistical Models and Methods for Biomedical and TechnicalSystems|Vonta Filia|610.28.4.VON/1|Medical Sciences, Medicine|1|2017|0|15|15|0
9780415526449|Structural analysis : principles, methods and modelling|Ranzi.?Gianluca|624.1.RAN/1|Engineering|2|2021|0|15|15|1
9781848214132|Supervision and Safety of Complex Systems|Matta Nada|658.NAD/1|Management & Business|1|2019|0|15|15|0
9781461488415|Systems Design for Remote Healthcare|Maharatna, Koushik|621.MAH/1|Engineering|1|1993|0|15|15|0
9781482220940|The Future of Wireless Networks: Architectures, Protocols, and Services|Guizani, Mohesen|621.384/GUI/1|Engineering|2|2000|0|15|15|1
9781498700764|Wireless Medical Systems and Algorithms : Design and Applications|Salvo Pietro|610.285 SAL/1|Medical Sciences, Medicine|3|2005|0|15|15|2
9782100821709|Mathématiques : IUT 1re année|Thierry Alhalel|510.76.ALH/1|Mathematics|5|2008|0|15|15|4
9782100826995|Principes d'analyse mathématique : cours et exercices|Rudin, Walter||Unknown|5|2008|0|15|15|4
9782100815470|R pour les scientifiques : mise en oeuvre de projets et valorisation des résultats|Rebaudo, François|519.502 REB/1|Mathematics|3|2024|0|15|15|2
9782100824885|Electrodynamique classique : cours et exercices d'électromagnétisme|Jackson, John David|537.JAC/1|Physics|3|2019|0|15|15|2
9782100831654|La théorie de la relativité restreinte et générale|Einstein, Albert|530.11.EIN/1|Physics|3|1990|0|15|15|2
9782100821075|Chimie générale : chimie des solutions|Bardez, éisabeth|541.BAR/1|Chemistry|3|2014|0|15|15|2
9782100809851|PASS chimie générale : parcours santé & L.AS|Ravomanana, Frédéric|547.1 RAV/1|Chemistry||2010|0|15|15|
9782100823567|Chimie organique : les cours de Paul Arnaud|Arnaud, Paul|547 ARN/1|Chemistry||1990|0|15|15|
9782100826674|Chimie générale, chimie des solutions : exercices et méthodes : licence, santé, CAPES|Baeyens-Volant, Danielle|541.BAE/1|Chemistry|3|2006|0|15|15|2
9782100826759|Informatique avec Python : prépas scientifiques 1re année : exercices incontournables|Beury, Jean-Noel|005.133 BEU/3|General Knowledge|5|2018|0|15|15|4
9782281143775|Les sciences du numérique et le calcul haute performance|Commissariat à l'énergie atomique et aux énergies alternatives|004.240 113/1|General Knowledge|6|2008|0|15|15|5
9782100809028|Manuel de datavisualisation|Lagnel, Jean-Marie|001.422 6 LAG/1|General Knowledge|4|1995|0|15|15|3
9782100819362|Mon cours visuel de programmation : Scratch et Python pas à pas|McManus, Sean|005.133/1|General Knowledge|3|2019|0|15|15|2
9782100815982|Programmation Python avancée : guide pour une pratique élégante et efficace|Olive, Xavier|005.133 OLI/1|General Knowledge|3|1991|0|15|15|2
9782100817214|Programmation Python par la pratique|Guillod, Julien|005.133 GUI/1|General Knowledge|3|1991|0|15|15|2
9782100812240|Python pour le data scientist : des bases du langage au machine learning|Jakobowicz, Emmanue|005.133 JAK/1|General Knowledge|3|2007|0|15|15|2
9782100809813|PASS biochimie : parcours santé & LAS|Beaumont, Simon|572 BEA/1|Biology|3|2024|0|15|15|2
9782100819157|Biologie cellulaire : exercices et méthodes : licence, PASS, CAPES|Rigo, Pierre|576.6.RIG/1|Biology|3|2015|0|15|15|2
9782100809936|PASS biologie moléculaire et génétique : parcours santé & L.AS|Beaumont, Simon|572 BEA/1|Biology|3|1992|0|15|15|2
9782100823581|Biologie végétale : croissance et développement|Morot-Gaudry, Jean-François|571.82 MOR/1|Biology|3|1994|0|15|15|2
9782100827176|PASS biostatistiques, probabilités, mathématiques : parcours santé & L.AS|Belazreg, Salah|570.151 BEL/1|Biology|3|1990|0|15|15|2
9782100830572|Ecologie générale : structure et fonctionnement de la biosphère|Barbault, Robert|577 BAR/1|Biology|3|1996|0|15|15|2
9782855576558|Comprendre le sol, ses fonctionnements et ses fonctions|Calvet, Raoul|631.46 CAL/1|Agriculture|3|2013|0|15|15|2
9782491072186|Les abeilles : l'oeil et le geste en apiculture|Maréchal Pierre|638.1.PIE/2|Agriculture|3|2005|0|15|15|2
9782855577180|Maladies des abeilles|Boucher Samuel|638.15 BOU/1|Agriculture|3|2017|0|15|15|2
9782855577302|Maladies parasitaires du mouton : prévention, diagnostic et traitement|Mage, Christian|636.3 MAG/1|Agriculture|3|2006|0|15|15|2
9782855576862|Néo-paysans : le guide très pratique : toutes les étapes de l'installation en agroécologie et permaculture|Macias, Bruno|338.109 4 MAC/1|Social Sciences|3|2021|0|15|15|2
9782855576596|Petit précis d'agronomie|Néron, Françoise|630.5 NER/2|Agriculture|3|2024|0|15|15|2
9782855576619|Réussir en élevage ovin allaitant|Dudouet, Christian|636.300 DUD/1|Agriculture|3|2015|0|15|15|2
9782100828418|Construction mécanique et dessin industriel|Lussiez, Pascal|670.42.LUS/1|Manufacturing|3|2016|0|15|15|2
9782100821884|Génie des procédés alimentaires : des bases aux applications|Bimbenet, Jean-Jacques|664.02 BIM/1|Chemical Engineering & Related Technologies|3|2011|0|15|15|2
9782100821648|Génie mécanique : conception, matériaux, fabrication, applications industrielles|Maurel, Jean-François|620.MAU/1|Engineering|3|1993|0|15|15|2
9782100813681|Injection des matières plastiques|Pichon, Jean-François|668.412 PIC/1|Chemical Engineering & Related Technologies|3|2017|0|15|15|2
9782100818150|Mécanique des fluides : BTS|Bigot, Pascal|532 BIG/1|Physics|3|2005|0|15|15|2
9782100810307|Exercices et méthodes de mécanique : meccanique du point et du solide indeéformable : Licence, IUT, CAPES, Ecoles d'ingeénieurs|Granjon, Yves|531.076 GRA/1|Physics|3|2015|0|15|15|2
9782100812004|Mémento de spécification géométrique des produits : les normes ISO-GPS|Charpentier, Frédéric|620.002 12 CHR/1|Engineering||2014|0|15|15|
9782100821945|Technologie des installations frigorifiques|Rapin, Pierre|621.56 RAP/1|Engineering||2024|0|15|15|
9782100818068|Technologies des voitures électriques : motorisations, batteries, hydrogène, recharge et interactions réseau|Juton, Anthony|629.229 3 JUT|Engineering||2012|0|15|15|
9782100821662|Transferts thermiques : introduction aux transferts d'énergie : cours, exercices corrigés|Taine, Jean|536.200 76 TAI/1|Physics||2021|0|15|15|
9782100823284|Moteurs électriques industriels|Mayé, Pierre|621.46 MAY/1|Engineering||2000|0|15|15|
9782100826124|Le livre des techniques du son. Notions fondamentales|Denizart, Jean-Michel|621.389 3 JEA|Engineering||1993|0|15|15|
9782100809172|Electricité : BTS|Granjon, Yves|537 GRA/1|Physics||1994|0|15|15|
9782100809165|L'essentiel d'électricité : licence, IUT|Granjon, Yves|537 GRA/1|Physics||2015|0|15|15|
9782100819454|Principes d'électronique : cours de référence, 850 exercices et problèmes, 650 QCM d'auto-évaluation, + de 350 modèles de circuits à télécharger|Malvino, Albert Paul|621.381 MAL/1|Engineering||1994|0|15|15|
9782100818099|S'initier à Arduino : programmation et montages électroniques|Sillon, Frédéric|621.395 SIL/1|Engineering||2016|0|15|15|
9782100823277|Systèmes électroniques embarqués et transports|Louvel, Philippe|621.38 LOU/1|Engineering||2014|0|15|15|
9782100828661|Techniques de prise de son|Caplain, Robert|621.389 3 CAP/1|Engineering||2015|0|15|15|
9780367732776|Complexity Thinking in Translation Studies: Methodological Considerations|Marais, Kobus|418.02/MAR/1|Language|3|1999|0|15|15|2
9780367562236|Exploring Grammar Through Texts : Reading and Writing the Structure of English|Paraskevas Cornelia C|420 PAR/1|Language|2|1995|0|15|15|1
9781138589384|Statistics in Corpus Linguistics Research : A New Approach|Wallis, Sean|410 WAL/1|Language|2|2003|0|15|15|1
9780367258399|Developing Writing Skills for IELTS : A Research-Based Approach|Sin Wang Chong|420 CHO/1|Language|2|2011|0|15|15|1
9780367344245|Discourse Strategies for Science Teaching and Learning: Research and Practice|Tang, Kok-Sing|507.1/TAN/1|Science (General)|2|1990|0|15|15|1
9781138200302|Translation and Practice Theory|Olohan Maeve|418 OLO/1|Language|2|2005|0|15|15|1
9780367589851|Metacognition in Language Learning and Teaching|Haukas, Asta|418.007 1 HAU/1|Language|2|2016|0|15|15|1
9780367594770|Successful Spoken English : Findings from Learner Corpora|Jones Christian|400 JON/1|Language|2|2023|0|15|15|1
9780367581565|The Routledge Handbook of the English Writing System|Cook Vivian|420 COO/1|Language|2|2017|0|15|15|1
9780367026356|Contemporary Foundations for Teaching English as an Additional Language: Pedagogical Approaches and Classroom Applications|Polina Vinogradova|428.007 1 VIN /1|Language|2|2019|0|15|15|1
9780367619244|The Anthropology of Argument: Cultural Foundations of Rhetoric and Reason|Tindale, Christopher W|168 TIN/1|Philosophy & Psychology|2|2017|0|15|15|1
978036754339|Chomsky for Activists|Chomsky, Noam|306.097 3 CHO/1|Social Sciences|3|2017|0|15|15|2
9780367484149|Reading to Learn in a Foreign Language : An Integrated Approach to Foreign Language Instruction and Assessment|Koda, Keiko|418.0071/KOD/1|Language|3|2019|0|15|15|2
9780367175900|Writing Using Sources for Academic Purposes : Theory, Research and Practice|Rosemary Wette|420 WET/1|Language|2|1996|0|15|15|1
9782100824199|100 fiches pour bien démarrer en prépa, 2021-2022 : MPSI, MP2I, PCSI, PTSI, BCPST 1 : maths, physique, chimie, programme 2021|Speller, Marie-Virginie.|510 SPE|Mathematics||2000|0|15|15|
9782746221208|Analyse de traces et personnalisation des environnements informatiques pour l'apprentissage humain|Marty Charles|006.31/MAR/1|General Knowledge|3|2017|0|15|15|2
9782409008979|Angular : développez vos applications web avec le framework Javascript de Google|Djordjevic, Daniel|005.133 DJO /2|General Knowledge|3|2021|0|15|15|2
9782746223493|Fourmis artificielles|Monmarché, Nicolas|005.116 FRE/1|General Knowledge||1999|0|15|15|
9782409017988|Parler et faire une présentation en public en toute confiance : apprendre|Israel, Marc||Unknown||1990|0|15|15|
9782100821822|Eléments de distributions et d'équations aux dérivées partielles : cours et problèmes résolus|Zuily, Claude|515.330.CLA/1|Mathematics|5|2024|0|15|15|4
9782100825141|Logique mathématique : cours et exercices corrigés|René Cori||Unknown|5|2014|0|15|15|4
9782855577333|Biologie du sol et agriculture durable : une approche organique et agroécologiqu|Christian de Carné-Carnavalet|631.4 CAR /3|Agriculture|3|1993|0|15|15|2
9782855576947|L'agroécologie en grandes cultures : vers des systèmes à hautes performances économiques et environnementales|Viaux Philippe|633.094 4 PHI/1|Agriculture|3|2013|0|15|15|2
9782855577371|Tous les contrats en agriculture : analyser, rediger, pratiquer|Manteau, Lionel|630.1.MAN/1|Agriculture|3|2004|0|15|15|2
9782100806669|Mécanique pour l'ingénieur : milieux continus solides et fluides, syste`mes multicorps, structures|Puel, Guillaume|620.1 PUE/1|Engineering|3|2009|0|15|15|2
9782100810918|statistique industrielle : systémes de mesure,estimation, échantillonnage et maitrise statistique des procédés|Bergeret, François|658.56 FRA/1|Management & Business|3|2020|0|15|15|2
9782311009941|STATISTIQUES : cours et exercices corrigés : master mathématiques|DEPAUW JEROME||Unknown|2|2020|0|15|15|1
9789961007495|Statistique : cours et exercices, pour les étudiants du tronc commun Bio-Médical|ADMANE O|519.5.ADM/3|Mathematics|4|2004|0|15|15|3
9782100521241|tous les exercices aalgebre et de geometrie pc-psi pour assimoler le programme sentrianer|laamri el-haj|512/LAA/1|Mathematics|2|2004|0|15|15|1
9782711789719|Algèbre 1 : travaux dirigés de mathématiques : premier cycle de l'enseignement supérieur scientifique|auzimour annick|512/AUZ/1|Mathematics|1|2001|0|15|15|0
9789961016497|Mathematique Les séries : rappel de cours, Exercies corrigés|Osmanov, Hamid|513/OSM/1|Mathematics|4|2012|0|15|15|3
978996101832|????? ??????? ????????????|????? ???? ??????|658.4/ELH/1|Management & Business|1|2013|0|15|15|0
978996101908|???????? ?????? : ???? ?????|??? ?????? ????|332/ABD/1|Social Sciences|1|1993|0|15|15|0
2804150313|analys concept et contextes : volume 2 .fonctions de plusieurs variables|Stewart|515.84.STE/1|Mathematics|1|2023|0|15|15|0
3540113401|principals of artificial inteligence|J.NILSSON,NILS|006.3.NIL/1|General Knowledge|1|1992|0|15|15|0
9782804155520|EXERCICES CORRIGES DE MATHEMATIQUES TOME 2 : rappels de cours et exercices corrigés|DUPONT,PASCAL|510.76 DUP/2|Mathematics|2|1997|0|15|15|1
9782100510399|Analyse MP : cours, méthodes et exercices corrigés|Monier, Jean-Marie|515.076 MON/1|Mathematics|2|2001|0|15|15|1
9782100543113|Mathématiques tout-en-un : MPSI-PCSI|Deschamps Claude|510.76.DES/1|Mathematics|2|2011|0|15|15|1
9789931926221|Exercices d'algèbre et d'analyse : 154 exercices corrigés de premiére année 21 édition entiérement revue et augmentée|Balac Stéphane|510.BAL/1|Mathematics|4|1998|0|15|15|3
9782100534227|Mathématiques : méthodes et exercices MP|Monier, Jean-Marie|510.76 MON/1|Mathematics|2|2000|0|15|15|1
2729812466|Algèbre : premiers pas en prépa : 1re année, prépa scientifique, mathématiques|Levine, Albert|512.007.LEV/2|Mathematics|1|1990|0|15|15|0
2212111061|EXERCICES EN LANGAGE C++|Delannoy, Claude|005.133 DEL|General Knowledge|2|1995|0|15|15|1
2100040030|Algèbre générale : rappels de cours, questions de réflexion, exercices d'entraînement|Denmat Anne|512.007 6 DEN|Mathematics|3|2005|0|15|15|2
9782100507436|Mathématiques : tout-en-un, pour la licence, niveau L2 : cours complet avec applications et 760 exercices corrigés|Warusfel, André|510.76.RAM/1|Mathematics|2|1996|0|15|15|1
9782311012989|Maths PCSI-PTSI|Oudot Xavier|510.76.OUD/1|Mathematics|4|1992|0|15|15|3
272988632x|exercices corrige de mathematiques : posés à l'oral des concours HEC et ESCP|Louis Roque, JEAN|510 LEB/1|Mathematics|1|1991|0|15|15|0
9789961017159|Management stratégique : Les differentes Approches|EL HADI GHEDGHOUDJ|658 GHE/1|Management & Business|10|2002|0|15|15|9
9789961020708|De mes cahiers d’analyse… équations différentielles ordinaires du premier et second ordre : assise théorique et applications cours détaillé et exercices résolus|Hazi Mohammed|515.3 HAZ/1|Mathematics|124|2000|0|15|15|123
9782854288629|Formules de Taylor, développements limités : L1, L2, L3, classes préparatoires|Morvan, Jean-Marie|515.80.COL/1|Mathematics|2|2006|0|15|15|1
2212113277|Apprendre Java et C++ en parallèle|Boichat, Jean-Bernard|005.133 BOI/1|General Knowledge|1|2001|0|15|15|0
9789961012901|equation de la physique mathematique appliquees|BADDARI.K|510 BAD|Mathematics||2016|0|15|15|
9782705669249|Intégrale de Riemann : théorie et pratique avec exercices corrigés|El Amrani Mohammed|515.43.ELA/1|Mathematics|2|2005|0|15|15|1
9782311007381|analyse theorie de lintegration : convolution et transformée de Fourier : cours & exercices corrigés : licence 3 & master 1 mathématiques|BRIANE MARC|515.42 BRI/1|Mathematics|2|2018|0|15|15|1
9789961006979|mathématiques rappels et cours exercices résolus|A.BENAYAD|510.76 BEN / 1|Mathematics|44|1993|0|15|15|43
2852066181|INITIATION AUX TRANSFERTS THERMIQUES|Sacadura.J.F|621.4 SAC/1|Engineering|1|2003|0|15|15|0
9789961007310|S.E.M 300 par ses examens TOME2 : analyse et algébre de premiére année des universités et grndes ecoles scientifiques|Mohammed hazi|510 HAZ /14|Mathematics|70|2009|0|15|15|69
9789961011188|Elements D'analyse Tome 2 : fonctions d'une variable réelle :1re 2re années d'université|KADA ALLAB|515 ALL/100|Mathematics|54|2014|0|15|15|53
9789961014363|THEORIE ET PRATIQUE DES FONCTIONS D'UNE VARIABLE COMPLEXE : Application a la physique de la terre au génie pétrolier|K.BADDARI|515 BAD/48|Mathematics|70|2014|0|15|15|69
9789961016954|????????? ????????? ?? ???????? ?????? ????????|???? ????|515.HAZ/1|Mathematics|6|2013|0|15|15|5
9789961016718|LEXIQUE MATHEMATIQUE|SADALLAH Boubaker Kheled|515.BOU/1|Mathematics|10|2007|0|15|15|9
9789961019306|TOUT SUR R : ENSEMBLE DES NOMBRES REELS STRUCTURES ALGEBRIQUE ET TOPOLOGIQUE|Mohammed hazi|512.55|Mathematics|124|1993|0|15|15|123
9789961020715|FONCTIONS DE PLUSIEURS VARIABLES RELLES : IMITES,CONTINUITE,DIFFERENTIabilité et.... cours détaillé et exercices résolus|Mohammed hazi||Unknown|140|2009|0|15|15|139
9789961020722|AU CARREFOUR DES EXAMENS DE TOPOLOGIE : PROBLEMES ET EXERCICES RESOLUS|Hazi Mohammed|510 HAZ/1|Mathematics|30|2017|0|15|15|29
9789961009192|PROBABILITES : RAPPELS DE COURS ET EXERCICES CORRIGES|KHALDI KHALED|519.2 .KHA/5|Mathematics|10|2004|0|15|15|9
9789961016107|ANALYSE MATHEMATIQUE : EXERCICES CORRIGES|BELAIDI BENHARRAT||Unknown|35|1990|0|15|15|34
2100069586|Exercices et problèmes d'algorithmique : 144 énoncés avec solutions détaillées|BAYNAT BRUNO*|518.107.BAY/1|Mathematics|2|1993|0|15|15|1
9789961007301|S.E.M. 300 par ses examens T.1 : analyse et algèbre de première année des universités et grandes écoles scientifiques|Hazi Mohammed|515.HAZ/1|Mathematics|5|1996|0|15|15|4
9789961652855|Exercices corrigés d'analyse : 1ère année LMD|Mortad Mohammed Hicham*||Unknown|5|2000|0|15|15|4
2040100725|EXERCICES ET PROBLEMES RESOLUS D'ANALYSE|Chambadal, Lucien|515.CHA/1|Mathematics|4|1993|0|15|15|3
9782311002744|introduction à l'analyse : cours & exercices corrigés : licence 1 mathématiques|: Aebischer, Bruno|515 AEB/1|Mathematics|1|2004|0|15|15|0
9782100557417|Mathématiques : méthodes et exercices : PCSI-PTSI|Marie Monier, Jean|510 MON/1|Mathematics|2|2017|0|15|15|1
9782311002751|analyse : Fonctions de plusieurs variables et géométrie analytique|Aebischer, Bruno|515.076 AEB/2|Mathematics|3|2014|0|15|15|2
9782311010312|Analyse numérique : cours et exercices corrigés|Canon, Eric|518.076 Can /1|Mathematics||1994|0|15|15|
2100040057|Algébre linéaire|DANMAT, ANNE|512 DEN/1|Mathematics|3|2024|0|15|15|2
2100053507|BASES DE DONNEES ET STATISTIQUE|Morin, Annie|005.740 MOR|General Knowledge|4|1993|0|15|15|3
2711721450|TOPOLOGIE ET D'analyse tome 1|FLORY.G|514.FLO|Mathematics|1|1998|0|15|15|0
210007363X|Mathématiques, EC 1re année : tout-en-un : cours et exercices|Warusfel, André|510.76 GAU|Mathematics|2|2009|0|15|15|1
9782100056439|Algorithmique et optimisation - Exercices corrigés : exercices corrigés|Darte, Alain|511.8.DAR/1|Mathematics|5|2005|0|15|15|4
2100048880|Analyse et geométrie : méthodes hilbertiennes : cours et exercices corrigés|Roos, Guy|516.182 ROS/1|Mathematics|3|2023|0|15|15|2
9782100053315|Algorithmes en langage C : cours et exercices|Sedgewick, Robert,|005.741.SED/1|General Knowledge|3|2013|0|15|15|2
2100055100|Intégration pour la licence : cours avec exercices corrigés|Gapaillard Jacques|515.4.GAP/1|Mathematics|5|2012|0|15|15|4
978204000627|éléments d'analyse 2|Dieudonné, Jean,|515.DIE/1|Mathematics|3|2001|0|15|15|2
2040100822|éléments d'analyse 7|Dieudonné, Jean,|515.3.DIE/1|Mathematics|3|2020|0|15|15|2
2729600595|analyse réelle|LANG,SERGE|515.LAN/1|Mathematics|2|2006|0|15|15|1
2040007342|éléments d'analyse 3|Dieudonné, Jean,|515.DIE/1|Mathematics|3|2011|0|15|15|2
2040011277|éléments d'analyse 6|Dieudonné, Jean,|515.DIE/1|Mathematics|2|2001|0|15|15|1
2225369823|équations différentielles ordinaires tome 1 : théorie générale|ROUCHE.N|515.35.ROU/1|Mathematics|2|2010|0|15|15|1
9782311012972|Maths, MPSI|Mansuy, Roger|510.76.MON/1|Mathematics|4|1994|0|15|15|3
9782804155513|Exercices corrigés de mathématiques tome 1 : rappels de cours et exercices corrigés|DUPONT PASCAL|510.76.DUP/1|Mathematics|2|2006|0|15|15|1
2729827803|Extensions de corps théorie de galois : théorie de Galois : niveau M1-M2|Calais Josette|512.30.CAL/1|Mathematics|2|1992|0|15|15|1
2893772056|initiation à SQL : cours et exercices corrigés|Chalmond, Martine|005.133 PHI|General Knowledge|1|2023|0|15|15|0
9782729839406|8 ans de problèmes corrigés de mathématiques posés aux concours de Centrale-Supélec, Mines-Ponts, CCP|Franchini Jean|510.76.FRA/1|Mathematics|2|2007|0|15|15|1
9782311014006|Langages formels : calculabilité et complexité : cours et exercices corrigés : licence 3 & master, mathématiques & informatique, agrégation mathématiques|Carton, Olivier|511.3. CAR/1|Mathematics|2|2016|0|15|15|1
9782729863487|Mathématiques : cours-problèmes-exercices-informatique, MatLab, Maple : BCPST-V?TO 2e année|Damin, Gilbert|511.32 DAM/2|Mathematics|2|2012|0|15|15|1
9782744073526|Mathématiques appliquées L3 : cours complet avec 500 tests et exercices corrigés|Weil, Jacques-Arthur|510 .YGE/1|Mathematics|2|1992|0|15|15|1
9782729839468|Mathématiques dans le contexte : prépas scientifiques, maths sup, PCSI|Casamayou-Boucau, Alexandre|510.76. PAN/1|Mathematics|2|2014|0|15|15|1
9782744072581|Mathématiques L1 : cours complet avec 1000 tests et exercices corrigés|Marco, Jean-Pierre|510 . .RON/1|Mathematics|2|2000|0|15|15|1
9782744072253|Mathématiques L2 : cours complet avec 700 tests et exercices corrigés|Pierre Marco, Jean|510 Mar/1|Mathematics|2|1992|0|15|15|1
9782744074387|Mathématiques PC-PC* : cours complets avec tests, exercices et problèmes corrigés|Héroult, François|510 .HER/1|Mathematics|2|2001|0|15|15|1
9782729875268|Mathématiques : les 120 exercices corrigés à l'oral du concours commun polytechniques : filière MP|Smith, William|510.76. SMI/1|Mathematics|2|2018|0|15|15|1
9782744074370|Mathématiques MP-MP : cours complet avec tests, exercices et problèmes corrigés|Hochart, Max|510.DEB/1|Mathematics|2|2005|0|15|15|1
9782729851156|Mathématiques PCSI|Nguyen, Nicolas|510.76.NGU/1|Mathematics|2|2008|0|15|15|1
2729855130|Maths avec Maple. Tome 1, Présentation générale : utilisant les exercices 1990-1995 du concours général|Douillet, Pierre|510.DOU/1|Mathematics|2|2011|0|15|15|1
2729856315|Maths avec Maple. Tome 2|Douillet, Pierre|510.DOU/1|Mathematics|2|2021|0|15|15|1
2729848215|Problèmes de mathématiques résolus avec Maple et Mathematica|Durand, Robert|510.DUR/1|Mathematics|2|2024|0|15|15|1
9782206101019|Mémo formulaire : calculs scientifiques fondamentaux|Déplanche, Yves|502.12.DEP/1|Science (General)||1993|0|15|15|
9782100558148|mathématiques : BTS industriels groupements B et C COURS EXERCICES CORRIGES ET BONUS WEB|LUBRANO,LAURENT|510 LUB/1|Mathematics|2|2005|0|15|15|1
9782011459145|Maths : première année : MPSI, PCSI, PTSI, BCPST||510.DES/1|Mathematics|2|1996|0|15|15|1
9782729866259|Mathématiques, ECS, 2e année|Rondy, Sylvain|510.76.RON/1|Mathematics|1|2016|0|15|15|0
9782729851118|Mathématiques MPSI|Nguyen, Nicolas|510.76.NGU/1|Mathematics||1990|0|15|15|
9782854287592|Algèbre et analyse : exercices corrigés avec rappels de cours : L1, L2, L3, classes préparatoires|Monna, Gilbert|515.076.MON|Mathematics|3|2017|0|15|15|2
2729888101|problémes corrigés de mathematiquues : posés aux concours tome7 H.E.C, ESSEC, ESCP,ESCL ,ESCAE, ICN,ISG, eslsca, ISI, ESG|LEBOEUF, CHRISTIAN|510.76.LEB/1|Mathematics||2004|0|15|15|
9782100747405|Toute l'algèbre de la licence : cours et exercices corrigés|Escofier, Jean-Pierre|512.ESC/1|Mathematics||2004|0|15|15|
2729821708|Toutes les mathématiques, MP : 1re partie, le kit de survie, 2e partie, des cerises sur le gâteau|Verschueren, Luc|510.76.VER/1|Mathematics||2008|0|15|15|
2729821678|Toutes les mathématiques, PSI-PSI* : [nouveau programme]|Guillaumie, Hervé|510.GUI/1|Mathematics|2|2010|0|15|15|1
2040027823|Statistique, exercices corrigés avec rappels de cours. 1, Sciences économiques|Labrousse, Christian|519.5.LAB|Mathematics||2001|0|15|15|
2704200254|Formules et tables de mathématiques|Spiegel, Murray R.|510 SPI/2|Mathematics|2|2021|0|15|15|1
2225778256|Intégrales simples : formulaires commentés, 300 exercices et tests|Hirsch, Gérard|515.4.HIR|Mathematics|1|2025|0|15|15|0
270421011x|Trigonométrie : cours et problèmes|Ayres, Frank|516 FRA|Mathematics||2005|0|15|15|
9959290832|??????? ????? ?????|??? ????, ???????|512.???|Mathematics||2000|0|15|15|
2804134652|Exercices de mathématiques pour le premier cycle|Dupont, Pascal|512.007.DUP|Mathematics|1|2007|0|15|15|0
9789961012277|???? ?? ?????????? ???????? ??????|?????, ?????|514.???|Mathematics|1|1991|0|15|15|0
2100048538|Introduction à la calculabilité : cours et exercices corrigés|Wolper, Pierre|511.352 .wol/1|Mathematics||1990|0|15|15|
2746212471|Théorie des graphes et applications : vec exercices et problèmes|Fournier, Jean-Claude|511.5.fon/1|Mathematics||2008|0|15|15|
2225793107|Probabilités-statistique|Mathieu, J.-L.|519.MAT/1|Mathematics||2023|0|15|15|
2040018387|Exercices de calcul des probabilités|Calot, Gérard|519.CAL/1|Mathematics||2003|0|15|15|
2711721485|exercices de topologie et d'analyse tome 4 : séries équations différentielles|FLORY.G|515.3.FLO|Mathematics|2|1993|0|15|15|1
2763771459|Méthodes et modèles en statistique non paramétrique : exposé fondamental|Capéraà, Philippe|519.5.CAP|Mathematics||1994|0|15|15|
2100049119|Algèbre générale : 1re et 2e années toutes filières : 350 méthodes, 400 exercices corrigés|Métier, Paul|512.76.SOR|Mathematics||1999|0|15|15|
007002652X|Theorie et applications du calcul differentiel et integral|AYRES JR FRANK|515.3 AYR|Mathematics|1|2003|0|15|15|0
2711721469|exercices de topologie et d'analyse tome2 : fonctions d'une variable réelle|FLORY.G|515.8.FLO/1|Mathematics|2|2025|0|15|15|1
21000065130|systémes d'exploitation|ARCHER HARRIS .J|005.2.ARC/1|General Knowledge|4|2022|0|15|15|3
2704200033|Analyse Vectorielle : cours et problemes :480 exercices resolus|R.SPIEGEL MURRAY|515.SPI|Mathematics|1|2005|0|15|15|0
2040104267|Statistique. 2 : ciences économiques, 2e année|labrousse christian|519.5 LAB|Mathematics||2006|0|15|15|
2040071873|Problèmes d'analyse|Lelong-Ferrand|515 FER/1|Mathematics|3|2005|0|15|15|2
9772821044|????? ????? : ?????? ???? ???|?.????? ?????|512.???|Mathematics||2004|0|15|15|
2704200025|Analyse : cours et problèmes|Spiegel, Murray R.|515.SPI/1|Mathematics|2|2024|0|15|15|1
2853941922|ANALYSE 2 : exercices et problèmes résolus : classes préparatoires, premier cycle universitaire|Tissier, Alain|515.ATT|Mathematics|1|2025|0|15|15|0
2853942228|Algèbre. 1 : 1e année, classes préparatoires, 1er cycle universitaire|Tissier, Alain|512.ATT|Mathematics||2011|0|15|15|
2711721418|Le Défi algébrique TOME 1|Mutafian, Claude|512 MUT/3|Mathematics||2017|0|15|15|
77700089|Topologie algébrique|ARTIN EMIL|514.2 ART/1|Mathematics||2009|0|15|15|
2711721442|Exercices d'algèbre. 2|Rivaud, Jacques|512.RIV/1|Mathematics||2025|0|15|15|
2100050354|Algorithmique et programmation en Java : cours et exercices|Granet, Vincent|005.133 GRA/1|General Knowledge||2009|0|15|15|
2100065319|Algorithmique parallèle : cours et exercices corrigés|Legrand, Arnaud|005.275 LEG/1|General Knowledge||2011|0|15|15|
2212113854|ALGORITHMES DE GRAPHES|LACOMME; PHILIPPE|004 LAC/1|General Knowledge|1|2005|0|15|15|0
2100048937|Architectures logicielles et matérielles : cours, études de cas et exercices corrigés|Amblard Paul|005.3 AMB|General Knowledge|2|1996|0|15|15|1
2100056263|Optimisation et contrôle des systèmes linéaires : cours et exercices avec solutions|Bergounioux, Maïtine|519.6 BER/2|Mathematics|7|2001|0|15|15|6
2804112470|Mathématique discrète : outil pour l'informaticien|Marchand, Michel|510 MAR/1|Mathematics|1|1993|0|15|15|0
2212091222|Modélisation objet avec UML|Muller, Pierre-Alain|005 ALA/2|General Knowledge|2|2007|0|15|15|1
3540673873|Seize problémes d'informatique : avec corrigés détaillés et programmes en caml et avec 18 figures|Petazzoni; Bruno|004.PET/1|General Knowledge|2|2009|0|15|15|1
2100045865|transmissions et réseaux|Présen ; Dominique|004.LOH/1|General Knowledge|2|2025|0|15|15|1
2100069756|Simulation numérique en C++ : cours et exercices corrigés|Danaila, Ionut|005.133 DAN/1|General Knowledge|5|1995|0|15|15|4
2212091559|Initiation aux réseaux : cours et exercices|Pujolle, Guy|004.6 PUJ|General Knowledge||2003|0|15|15|
210003801X|Architecture et technologie des ordinateurs|Zanella, Paolo|004.2 ZAN/1|General Knowledge|3|2009|0|15|15|2
2840825465|Internet au quotidien|Crouzet, Thierry|004.678. CRO/2|General Knowledge|2|2009|0|15|15|1
2893771556|C-C++ la bible du programmeur : 1500 astuces pour toutes les situations|Jamsa, Kris|005.133 JAM/2|General Knowledge|4|2012|0|15|15|3
9782743015787|Physique, 2e année MP MP|Augier, David|530.076 AUG|Physics||2018|0|15|15|
2212112815|Bases de données|Gardarin, Georges|005.74 GAR/1|General Knowledge|1|2022|0|15|15|0
2100052373|Swing : la synthèse : développement des interfaces graphiques en Java|Berthié, Valérie|005.36.BER/1|General Knowledge|2|2010|0|15|15|1
2710807890|MATLAB, Simulink, Stateflow : avec des exercices d'automatique résolus|Ferrier, Jean-Louis|004.RIV/1|General Knowledge|4|2024|0|15|15|3
2212092660|Exercices en Java|Delannoy, Claude|005.133 DEL/1|General Knowledge||2010|0|15|15|
21000065122|Programmer en JAVA|J.R .HUBBARD|005.133 HUB/1|General Knowledge|2|2016|0|15|15|1
2100041061|ntroduction à la programmation objet en Java : cours et exercices|Brondeau, Jean|005.133.BRO/1|General Knowledge|2|2008|0|15|15|1
2100050311|Exercices corrigés sur le langage C : solutions des exercices du Kernighan et Ritchie|Tondo, Clovis L.|005.133.TON/1|General Knowledge|2|2016|0|15|15|1
2212113161|Java-XML|Fleury, Renaud|005.133.FLE|General Knowledge|1|2002|0|15|15|0
2287597018|Méthodes numériques pour le calcul scientifique : programmes en MATLAB|Quarteroni, Alfio|518 QUA/1|Mathematics||2002|0|15|15|
340645881|Pascal For Student : Including turbo Pascal|D.HAhn;Brian|004.HAH/1|General Knowledge|3|2013|0|15|15|2
9782212138542|Le livre de Java : premier langage : avec 99 exercices corrigés|Tasso, Anne|005.133 TAS|General Knowledge|1|2012|0|15|15|0
2840011395|Analyse II pour économistes : manuel d'exercices corrigés avec rappels de cours : intégrales doubles, équations différentielles...|Piller, Alain|515.15 PIL|Mathematics|1|2011|0|15|15|0
274401303x|Le PC : architecture, maintenance et mise à niveau|Mueller, Scott|004.22 MUE/1|General Knowledge|2|1990|0|15|15|1
2100049208|Algèbre et géométrie : 90 exercices développés, 300 exercices d'entraonement, rappels de cours|Marie Monier, Jean|512.1 JEN/1|Mathematics||2014|0|15|15|
210004994|Algèbre et géométrie : 200 exercices développés, 980exercices d'entraonement, rappels de cours||512 JEN|Mathematics||2004|0|15|15|
2711788849|Algèbre : 240 exercices corrigés avec résumés de cours : premiers cycles de l'enseignement supérieur...|Gaultier, Maurice|512 MAU|Mathematics||1997|0|15|15|
222585162x|Algèbre : DEUG sciences, classes préparatoires|Sureau, Hélène|512 SUR/1|Mathematics||2005|0|15|15|
204009394x|Exercices et problèmes résolus d'algèbre|Chambadal, Lucien|512 CHA|Mathematics||1997|0|15|15|
2853941914|Algèbre. 2, 2e année|Tissier, Alain|512 TIS|Mathematics||2008|0|15|15|
2711721507|Exercices d'algèbre linéaire|Rivaud , Jacsques|512 RIV|Mathematics|2|1999|0|15|15|1
2711721426|Le Défi algébrique.TOME 2|MUTAFIAN , CLAUD|512 CLA|Mathematics||1999|0|15|15|
28422915518|mathématiques algèbre et géométrie : cours méthodes exercices résolus|GUININ, DANIEL|512.1 GUI/1|Mathematics||2025|0|15|15|
2704200017|ALGEBRE LINEAIRE : Cours et problemes|SEYMOUR LIPSCHUTZ|512.5 SEY|Mathematics||2005|0|15|15|
2704200041|THEORIE ET APPLICATIONS DU CALCUL DIFFERENTIEL ET INTEGRAL|Ayres, Franck|515 FRA|Mathematics|1|1990|0|15|15|0
2711721434|Exercices d'algèbre. 1|Rivaud, Jacques|512 RIV|Mathematics|1|1991|0|15|15|0
221209258X|Introduction à l'algorithmique objet : modélisation avec UML et exemples de code en Java et C++|Cardon, Alain|005.117CAR/2|General Knowledge|3|2018|0|15|15|2
2100048929|Introduction à la logique : théorie de la démonstration : cours et exercices|David, René|511.307 6 REN/1|Mathematics|1|2004|0|15|15|0
2744070246|Algorithmes en Java : concepts fondamentaux, structures de données, tri et recherche|Sedgewick, Robert|005.1 SED/1|General Knowledge|1|2019|0|15|15|0
9782011458100|Maths PCSI-PTSI : 1re année|Allano-Chevalier, Marie|510.76 ALL/2|Mathematics||2016|0|15|15|
2100043566|Algébre : Rappels de cours questions de réflexion exercice d'entrainement Annales corrigées|Lecoutre, Jean-Pierre|512.007 6 JEN|Mathematics|1|2014|0|15|15|0
9780199215621|Mathematical Logic|OXFORD LOGIC|511.3 OXF/1|Mathematics|6|1993|0|15|15|5
9781292097619|Fundamentals of Database Systems|Elmez ,Elmasri|005.74 ELM/1|General Knowledge|3|1992|0|15|15|2
9781292096131|Software Engineering|Sommerville, Lan|005.1SOM/1|General Knowledge||2002|0|15|15|
9780262039246|Reinforcement Learning, An introduction|Sutton,Richard S.|006.31 SUT/1|General Knowledge||2017|0|15|15|
9781441923226|All of Statistics : A Concise Course in Statistical Inference|Wasserman, Larry|519.5 WAS/2|Mathematics|3|1993|0|15|15|2
9781492032649|Hands on Machine Learning with Scikit-Learn, Keras, and Tensorflow : concepts, tools, and techniques to build intelligent systems|Géron,Aurélien|005.133 GER/1|General Knowledge|3|1990|0|15|15|2
9781999579500|The Hundred-page Machine Learning Book|Bukov, Andriy|006.31BUK/1|General Knowledge|2|2000|0|15|15|1
9781108455145|Mathematics for Machine Learning|Deisenroth, Marc|006.31DEI/1|General Knowledge|6|2022|0|15|15|5
9780470128725|Operating System Concepts 8th Edition|Silberschatz, Abraham.|005.43 SIL/1|General Knowledge|3|2013|0|15|15|2
9781617294433|Deep learning with python|Chollet, Franc¸ois|005.133 CHO/1|General Knowledge|3|2007|0|15|15|2
9780132316811|Introduction to the design and analysis of algorithms|Levitin, Anany.|005.1LEV/1|General Knowledge|3|2004|0|15|15|2
9780470641835|An Elementary Introduction to Statistical Learning Theory|Kulkarni,Sanjeev|006.31KUL/1|General Knowledge|3|1996|0|15|15|2
9782100790654|Machine Learning avec Scikit-learn|Géron, Aurélien|004 GER/1|General Knowledge|3|2006|0|15|15|2
9780692196380|Linear Algebra and Learning from Data|Strang,Gilbert|512.5 STR|Mathematics|1|2002|0|15|15|0
9780262039406|Foundations of Machine Learning|Mohri, Mehryar|006.31MOH/1|General Knowledge|2|1998|0|15|15|1
9781292024349|Compilers Principles, Techniques, and Tools|Alfred V. Aho ... [et al.].|005.453 AHO/1|General Knowledge|3|1996|0|15|15|2
9788131793510|Introduction to Automata Theory, Languages, and Computation|Kandar,Shyamalendu||Unknown|3|2004|0|15|15|2
9781292153599|Computer Networking : A Top-Down Approach|F.Kurose, James|004.6 KUR/1|General Knowledge|6|1992|0|15|15|5
9780262046305|Introduction to Algorithms|H.Cormen, Thomas|005.13 COR/1|General Knowledge|1|2025|0|15|15|0
9780321794772|A first course in probability|Ross, Sheldon M.|519.2 SHE/1|Mathematics|3|2023|0|15|15|2
9780262018029|Machine Learning: : a Probabilistic Perspective|Murphy, Kevin|006.31MUR/1|General Knowledge|1|2002|0|15|15|0
9783319944623|Neural Networks and Deep Learning|C.Aggarwal,Charu|004.65 AGG/1|General Knowledge|3|2025|0|15|15|2
9781408236956|Market Leader. Intermediate|Cotton,David|410 COT/1|Language|3|1991|0|15|15|2
9780582779969|How to Teach Business English|Frendo,Evan|808.6 FRE/1|Literature|3|2024|0|15|15|2
9781316628225|Business Vocabulary in Use Advanced Book With Answers Self-Study and Classroom Use|Mascull,Bill|410 MAS/1|Language|3|1997|0|15|15|2
9781466502888|Project Management Concepts, Methods, and Techniques|Maley, Claude H.|658.404 MAL/1|Management & Business|3|2001|0|15|15|2
9781491903995|Effective modern c++ : 42 specific ways to improve your use of C++11 and C++14|Meyers, Scott|005.133 MEY/1|General Knowledge|3|2020|0|15|15|2
9781802209020|Business Teaching Beyond Silos : Interdisciplinary and Multidisciplinary Learning|Traczykowski ,Lauren|650.071 TAR/1|Management & Business|3|2023|0|15|15|2
9781848215382|Advanced Backend Code Optimization|Touati, Sid|005.3TOU/1|General Knowledge|3|2013|0|15|15|2
9780367562328|Advanced Cybersecurity Technologies|Moseley,Ralph|005.08 MOS/1|General Knowledge|3|1990|0|15|15|2
9781138592605|Advanced Data Structures: Theory and Applications|Saha,Suman|005.7 SAH/1|General Knowledge|3|2002|0|15|15|2
9781466596078|Agile Strategy Management : Techniques for Continuous Alignment and Improvement|Lyngso,Soren|658.4012 LYN/1|Management & Business|3|2022|0|15|15|2
9781032044064|AI for the Sustainable Development Goals|Saetra, Henrik Skaug|338.927 SEA/1|Social Sciences|2|1992|0|15|15|1
9780367643812|AI Meets BI : Artificial Intelligence and Business Intelligence|Bulusu,Lakshman|006.3 BUL/1|General Knowledge|2|1999|0|15|15|1
9781138502383|Artificial intelligence : With an introduction to machine learning|Neapolitan, Richard E.|006.3 NEA/1|General Knowledge|2|1998|0|15|15|1
9780367431365|Artificial Intelligence (AI) : Recent Trends and Applications|Suguna,S.Kanimozhi|006.3 SUG/1|General Knowledge||2002|0|15|15|
9780367466664|Artificial Intelligence and Cybersecurity : Advances and Innovations (Green Engineering and Technology)|Priyadarshini,Ishaani|006.3 PRI/1|General Knowledge|2|1993|0|15|15|1
9781138354739|Artificial Intelligence and Data Mining for Mergers and Acquisitions|Chanda, Debasis|338.8 CHA/1|Social Sciences|2|2001|0|15|15|1
9780367374358|Artificial Intelligence and Machine Learning in 2D-3D Medical Image Processing|Raja, Rohit|616.07 RAJ/1|Medical Sciences, Medicine|2|2000|0|15|15|1
9780367638368|Artificial Intelligence for Business Optimization : research and applications|Unhelkar, Bhuvan|658.4 UNH/1|Management & Business|2|2012|0|15|15|1
9780367744977|Artificial Intelligence for the Internet of Health Things|Shankar, K.|610.285 CHA/1|Medical Sciences, Medicine|2|2000|0|15|15|1
9781119810452|Artificial Intelligence Hardware Design: Challenges and Solutions|Chen Liu, Albert Chun|006.3 CHE/1|General Knowledge|3|2021|0|15|15|2
9781461442882|English for Academic Research : Grammar Exercises|Wallwork, Adrian|808.042 WAL/1|Literature|3|1995|0|15|15|2
9781461415923|English for Academic Research: Grammar, Usage and Style|Wallwork, Adrian.|428 WAL/1|Language|3|1991|0|15|15|2
9781461442677|English for Academic Research : Vocabulary Exercises|Wallwork, Adrian.|428 WAL/1|Language|3|1995|0|15|15|2
9781461442974|English for Academic Research : Wallwork, Adrian.|Wallwork, Adrian.|808.042 WAL/1|Literature|3|1991|0|15|15|2
9781292420103|Computer Organization and architecture : designing for performance - Global Edition|Stallings,William|004.2 STA|General Knowledge|1|2003|0|15|15|0
9780789749840|How Computers Work : the evolution of technology|White, Ron|004.16 WHI/1|General Knowledge|1|2016|0|15|15|0
9781493950263|Understanding Analysis|Axeler.Sheldon|515 AXL/1|Mathematics|6|2025|0|15|15|5
9780521701983|Cambridge English Skills Real Listening and Speaking 1|||Unknown|1|2000|0|15|15|0
9780521705882|Cambridge English Skills Real Listening and Speaking 3|||Unknown||2022|0|15|15|
9780521705905|Cambridge English Skills Real Listening and Speaking 4|||Unknown||2017|0|15|15|
9780132847377|Data Structures and Algorithm Analysis in C++ (4rd Edition)|Allen Weiss, Mark|005.73 ALL/1|General Knowledge|1|2002|0|15|15|0
9781118692288|Disciplined Entrepreneurship: 24 Steps to a Successful Startup|Aulet, Bill|658.11 AUL/1|Management & Business|1|2014|0|15|15|0
9780128203316|Computer Organization and Design : The Hardware/Software. Interface|A.Patterson, David|621.381PAT|Engineering|1|2017|0|15|15|0
9781482223576|Integral Transforms and Their Applications,|Debnath, Lokenath.|515.723 DEB/1|Mathematics|1|1998|0|15|15|0
9780321545893|Artificial Intelligence - Structures and Strategies for Complex Problem Solving|Luger, George F.|006.3 LUG/1|General Knowledge|1|2025|0|15|15|0
9781680456936|Getting Started with Arduino : The Open Source Electronics Prototyping Platform|Banzi; Massimo|621.39 BAN/1|Engineering|1|2016|0|15|15|0
9780470682289|Statistical Pattern Recognition|Webb, A. R. (Andrew R.)|006.4 WEB|General Knowledge|1|1999|0|15|15|0
9781119585855|Systems Analysis and Design: An Object-Oriented Approach with UML 6th Edition,|Dennis,Alan|004.21 DEN|General Knowledge|1|2007|0|15|15|0
9780128182000|Computer Networks: A Systems Approach|L.Peterson,Larry|004 PET|General Knowledge|1|2001|0|15|15|0
9780128117606|Data Mining : Concepts and Techniques|Han, Jiawei|006.312 HAN/1|General Knowledge|1|2007|0|15|15|0
9781292025407|Introduction to Computer Security|Goodrich;Michael|005.8 GOO/1|General Knowledge|1|2025|0|15|15|0
9780472035090|Giving Academic Presentations|Reinhart, Susan M|420 REI|Language|1|2005|0|15|15|0
9780262201629|Probabilistic robotics. Sebastian Thrun, Wolfram Burgard, and Dieter Fox|Thrun, Sebastian|629.892 THR/1|Engineering|1|2014|0|15|15|0
9781914063190|Artificial intelligence a modern approach : The application in healthcare, industry and more. The fascinating topic of machine learning and prediction machines. The complexity explained for beginners|Baker, Chris|006.3 BAK/1|General Knowledge|1|2009|0|15|15|0
9780199678112|Superintelligence : Paths, Dangers, Strategies|Bostrom, Nick|006.3 BOS/1|General Knowledge|1|2009|0|15|15|0
9780199737970|Moral Machines|Wallach, wendell|629.892 WAL|Engineering|1|2007|0|15|15|0
9783030343743|Computer Vision Algorithms and Applications : Algorithms and Applications|Szeliski, Richard||Unknown|3|2015|0|15|15|2
9781337627900|Database Systems : Design, Implementation, & Management|Coronel, Carlos|005.74 COR|General Knowledge|1|2021|0|15|15|0
9780321127426|Patterns of Enterprise Application Architecture 1st Edition|Fowler, Martin|005.1 FOW/1|General Knowledge|1|2003|0|15|15|0
9780367575953|Big Data : Algorithms, Analytics, and Applications|li ,kuan-ching|005.7 DAT|General Knowledge|1|2023|0|15|15|0
9780134291079|Big Data Fundamentals : Concepts, Drivers & Techniques|Erl, Thomas|006.312 ERL/1|General Knowledge|1|2002|0|15|15|0
9780128046050|An Introduction to Parallel Programming|Pacheco, Peter S|005.275 PAC/1|General Knowledge|1|1994|0|15|15|0
9780124159938|Structured Parallel Programming : Patterns for Efficient Computation|McCool, Michael D.|005.1MCC/1|General Knowledge|1|2021|0|15|15|0
9781119703037|Project Management in Practice|Shafer;Meredith|658.404 SHA/1|Management & Business|1|1995|0|15|15|0
9780130851987|Computer Vision : a modern approach|Forsyth, David.|006.37 FOR/1|General Knowledge|3|2016|0|15|15|2
210006469x|L'oral mathématiques : niveau CCP, e3a, e4a, ESIM : MP|Monier, Jean-Marie|510.76MON/1|Mathematics|2|1995|0|15|15|1
2729806660|Cours de mathématiques : MP-MP*|Voedts, Jean|510 VOE/1|Mathematics||2007|0|15|15|
2100054538|Logique mathématique : cours et exercices corrigés|Lascar, Daniel|511.307 6 COR/1|Mathematics||2001|0|15|15|
9789931031376|Exercices corrigés d'algèbre|Mortad Mohammed Hichem|512 MOR/1|Mathematics|10|2021|0|15|15|9
9789947028810|foctions d'une variable réelle|Zizi Khelifa||Unknown||1990|0|15|15|
9782840740322|Mathematique : rappels de cours et exercices resolus. 2, Algèbre et géometrie IUT BTS|E.Azoulay|515.5 AZO/1|Mathematics|1|2004|0|15|15|0
9782746213036|Systèmes temps réel. 1 : Techniques de description et de vérification|Navet ; Nicolas|004.33 NAV/1|General Knowledge||1990|0|15|15|
2705658300|Logique mathématique|Pabion, Jean-François|510 PAB/1|Mathematics|2|1999|0|15|15|1
2100067958|Les mathématiques en licence, 2e année : cours et exercices résolus. Tome 2|Azoulay, Elie|515 AZO/1|Mathematics|2|1994|0|15|15|1
2100056557|Best of mathématiques : les 14 meilleurs sujets de Centrale, CCP, e3a, e4a, ESIM : MP, PC, PSI|Rouget, Jean-Louis|510.76 ROU/1|Mathematics||2006|0|15|15|
9782854288889|Dualité, formes quadratiques, formes hermitiennes : L2, L3, classes préparatoires|Boucetta, Mohamed|515.782 BOU|Mathematics||2016|0|15|15|
2100000632|Analyse des données multidimensionnelles : statistique enscience humaines|Rouanet, Henry|300.15 ROU/1|Social Sciences||2009|0|15|15|
9780136838555|Longman Academic Writing Series,Level 5 : Essays to Research Papers|Meyers ,Alan|808.042 MEY/1|Literature|3|2007|0|15|15|2
9781493938438|Pattern Recognition And Machine Learning|M.Bishop ,Christopher|006.4 BIS/1|General Knowledge|6|2018|0|15|15|5
9782889150755|L'intelligence artificielle par la pratique/ 2éme édition|Faltings, Boi|006.307 6 FAL/1|General Knowledge|6|1996|0|15|15|5
9782212676631|Exercices en langage C++ : 178 exercices corrigés|Delannoy, Claude|005.133 DEL|General Knowledge|6|2020|0|15|15|5
9782340061125|Algorithmique et développement Python : cours et exemples d'applications|Fadil, Abderrahmane|005.133 FAD/1|General Knowledge|4|2017|0|15|15|3
9782100842858|Bases de données : concepts, utilisation et développement|hainaut, jean-luc|004.75 HAI|General Knowledge|2|2004|0|15|15|1
9782100820979|Introduction aux probabilités avec Python|Alhalel, Thierry|519.202 85 ALH/1|Mathematics|6|2018|0|15|15|5
9782212675719|R pour les data sciences : importer, classer, transformer, visualiser et modéliser les données|Wickham, Hadley|006.312 WIC/1|General Knowledge|2|2023|0|15|15|1
9782311401998|Apprendre à programmer avec C et Python : cours & exercices corrigés : DUT et licence 1 informatique, BTS services informatiques aux organisations|Felea, Violeta|518.107 6 FEL/1|Mathematics||2015|0|15|15|
9782311009965|Algèbre : arithmétique pour l'informatique : cours & exercices corrigés, licence 2 & 3|Wassef,Pierre|513.12 WAS|Mathematics|2|2011|0|15|15|1
9789931794493|?????? ??????? ?????? : ??? ???? ???????? ???????|????? ????||Unknown|3|2012|0|15|15|2
9782340065437|Programmer en C++ : des premiers pas à la maîtrise de C++ 20|Gibaud, Alain|005.133 GIB/1|General Knowledge||2002|0|15|15|
9782923563411|Classification Décimale DEWEY|||Unknown|1|2003|0|15|15|0
9782311012415|mathematique pour l'informatique|Belhaj,Skander|510.285 BEL/1|Mathematics|1|1990|0|15|15|0
9782311400144|probabilités et introduction à la statistique|Girardin,Valérie|519.5 GIR/1|Mathematics|2|1991|0|15|15|1
9789931881353|??? ????? ??????? -????????|????, ?????||Unknown||1991|0|15|15|
9780192867742|Essential Statistics for Data Science: A Concise Crash Course|Mu Zhu||Unknown||2001|0|15|15|
12344321|AYOUB|AYOUB|LK-6|MATHS|1|2007|0|15|15|1
1|AYOUB|AYOUB|1|General Knowledge|1|2007|0|15|15|1
